<?xml version="1.0" encoding="UTF-8" standalone="no"?>
<scene depth="1" desc="" eventsnippetid="1" extheight="672" extwidth="768" extx="-64" exty="-64" format="3.4.0" gravx="-0.0" gravy="45.0" height="544" id="1" name="Default Level" revision="" savecount="0" tiled="1" tileh="64" tilew="64" type="standard" width="640">
    <layers>
        <color-bg blue="255" green="255" red="255"/>
        <background blendMode="normal" customScrollFactor="false" id="1" locked="true" name="Space" opacity="100" order="1" rid="22" scrollFactorX="1.0" scrollFactorY="1.0" visible="true"/>
        <layer blendMode="normal" color="100,168,234" id="0" locked="false" name="Layer 0" opacity="100" order="0" scrollFactorX="1.0" scrollFactorY="1.0" visible="true"/>
    </layers>
    <joints/>
    <regions>
        <region b="64" g="64" h="64" id="0" name="Region 0" pts="4,-32.0,-32.0,32.0,-32.0,32.0,32.0,-32.0,32.0" r="64" type="box" w="64" x="513" y="193"/>
    </regions>
    <terrainRegions/>
    <actors>
        <actor a="0.0" aid="1" c="true" group="0" id="2" name="m 1" sx="1.0" sy="1.0" x="157" y="292" z="0">
            <snippets>
                <s enabled="true" id="2"/>
                <s enabled="true" id="3">
                    <prop id="2147483647" list="0" val="thisactor"/>
                    <prop id="1" list="0" val="Walk"/>
                    <prop id="2" list="0" val="Idle"/>
                    <prop id="3" list="0" val="false"/>
                    <prop id="4" list="0" val="Jump"/>
                    <prop id="5" list="0" val="false"/>
                    <prop id="6" list="0" val="false"/>
                </s>
            </snippets>
        </actor>
        <actor a="0.0" aid="2" c="true" group="4" id="5" name="enemy 2" sx="1.0" sy="1.0" x="388" y="295" z="0">
            <snippets>
                <s enabled="true" id="4"/>
                <s enabled="true" id="5">
                    <prop id="2147483647" list="0" val="thisactor"/>
                    <prop id="1" list="0" val="-1"/>
                    <prop id="2" list="0" val="false"/>
                    <prop id="4" list="0" val="Attack"/>
                    <prop id="5" list="0" val="Idle"/>
                    <prop id="6" list="0" val=""/>
                    <prop id="7" list="0" val="0"/>
                    <prop id="8" list="0" val="8"/>
                    <prop id="9" list="0" val="0"/>
                    <prop id="10" list="0" val="0"/>
                    <prop id="11" list="0" val="512"/>
                </s>
            </snippets>
        </actor>
        <actor a="0.0" aid="4" c="false" group="3" id="12" name="Heart 4" sx="1.0" sy="1.0" x="81" y="221" z="0"/>
        <actor a="0.0" aid="5" c="false" group="3" id="12" name="Heart 5" sx="1.0" sy="1.0" x="307" y="158" z="0"/>
        <actor a="0.0" aid="6" c="false" group="3" id="20" name="Sound Button 6" sx="1.0" sy="1.0" x="588" y="16" z="0"/>
    </actors>
    <snippets>
        <s enabled="true" id="20">
            <prop id="1" list="0" val="false"/>
            <prop id="2" list="0" val="6"/>
        </s>
        <s enabled="true" id="21">
            <prop id="1" list="0" val="6"/>
        </s>
        <s enabled="true" id="22"/>
        <s enabled="true" id="7">
            <prop id="1" list="0" val="3"/>
            <prop id="2" list="1" val=""/>
            <prop id="3" list="0" val="false"/>
            <prop id="4" list="0" val="0"/>
            <prop id="5" list="0" val="-1"/>
        </s>
        <s enabled="false" id="8">
            <prop id="1" list="0" val="0.0"/>
            <prop id="2" list="0" val="false"/>
            <prop id="3" list="0" val="-1"/>
        </s>
        <s enabled="true" id="10">
            <prop id="1" list="0" val="1"/>
            <prop id="2" list="0" val="-1"/>
        </s>
        <s enabled="true" id="14">
            <prop id="1" list="0" val=""/>
            <prop id="2" list="0" val="0"/>
            <prop id="3" list="0" val="4"/>
        </s>
    </snippets>
    <terrain>
        <p pts="4,128.0,0.0,128.0,64.0,0.0,64.0,0.0,0.0" x="256.0" y="192.0"/>
        <p pts="4,640.0,512.0,0.0,512.0,0.0,0.0,640.0,0.0" x="0.0" y="0.0"/>
        <p pts="12,512.0,320.0,512.0,256.0,448.0,256.0,448.0,192.0,512.0,192.0,512.0,0.0,0.0,0.0,0.0,192.0,64.0,192.0,64.0,256.0,0.0,256.0,0.0,320.0" x="64.0" y="64.0"/>
    </terrain>
    <atlases members="" retainAtlases="true"/>
</scene>
