<?xml version="1.0" encoding="UTF-8" standalone="no"?>
<scene depth="1" desc="" eventsnippetid="13" extheight="672" extwidth="2688" extx="-64" exty="-64" format="3.4.0" gravx="-0.0" gravy="45.0" height="544" id="2" name="Level 1 Tutorial" revision="" savecount="0" tiled="1" tileh="64" tilew="64" type="standard" width="2560">
    <layers>
        <color-bg blue="255" green="255" red="255"/>
        <background blendMode="normal" customScrollFactor="false" id="2" locked="true" name="Space" opacity="100" order="1" rid="22" scrollFactorX="1.0" scrollFactorY="1.0" visible="true"/>
        <layer blendMode="normal" color="100,168,234" id="0" locked="false" name="Layer 0" opacity="100" order="0" scrollFactorX="1.0" scrollFactorY="1.0" visible="true"/>
    </layers>
    <joints/>
    <regions>
        <region b="64" g="64" h="64" id="0" name="Region 0" pts="4,-32.0,-32.0,32.0,-32.0,32.0,32.0,-32.0,32.0" r="64" type="box" w="64" x="2487" y="186"/>
        <region b="64" g="64" h="243" id="1" name="Region 1" pts="4,0.0,0.0,0.0,243.0,177.0,243.0,177.0,0.0" r="64" type="box" w="177" x="603" y="7"/>
        <region b="64" g="64" h="73" id="2" name="Region 2" pts="4,0.0,0.0,0.0,73.0,53.0,73.0,53.0,0.0" r="64" type="box" w="53" x="1476" y="298"/>
        <region b="64" g="64" h="58" id="3" name="Region 3" pts="4,0.0,0.0,0.0,58.0,78.0,58.0,78.0,0.0" r="64" type="box" w="78" x="1622" y="325"/>
    </regions>
    <terrainRegions/>
    <actors>
        <actor a="0.0" aid="2" c="false" group="0" id="2" name="Spaceman 2" sx="1.0" sy="1.0" x="18" y="315" z="0"/>
        <actor a="0.0" aid="6" c="false" group="3" id="20" name="Sound Button 6" sx="1.0" sy="1.0" x="583" y="15" z="0"/>
        <actor a="0.0" aid="7" c="false" group="4" id="5" name="Slime 7" sx="1.0" sy="1.0" x="1410" y="315" z="0"/>
        <actor a="0.0" aid="8" c="false" group="3" id="12" name="Heart 8" sx="1.0" sy="1.0" x="1548" y="336" z="0"/>
        <actor a="0.0" aid="9" c="false" group="4" id="36" name="MiniBoss Slime 9" sx="1.0" sy="1.0" x="2360" y="106" z="0"/>
        <actor a="0.0" aid="10" c="false" group="4" id="40" name="Moving Slime 10" sx="1.0" sy="1.0" x="1016" y="192" z="0"/>
    </actors>
    <snippets>
        <s enabled="true" id="20">
            <prop id="1" list="0" val="false"/>
            <prop id="2" list="0" val="6"/>
        </s>
        <s enabled="true" id="21">
            <prop id="1" list="0" val="6"/>
        </s>
        <s enabled="true" id="22"/>
        <s enabled="true" id="7">
            <prop id="1" list="0" val="3"/>
            <prop id="2" list="1" val=""/>
            <prop id="3" list="0" val="false"/>
            <prop id="4" list="0" val="0"/>
            <prop id="5" list="0" val="-1"/>
        </s>
        <s enabled="true" id="8">
            <prop id="1" list="0" val="0.0"/>
            <prop id="2" list="0" val="true"/>
            <prop id="3" list="0" val="11"/>
        </s>
        <s enabled="true" id="10">
            <prop id="1" list="0" val="2"/>
            <prop id="2" list="0" val="-1"/>
        </s>
        <s enabled="true" id="14">
            <prop id="1" list="0" val=""/>
            <prop id="2" list="0" val="0"/>
            <prop id="3" list="0" val="1"/>
        </s>
    </snippets>
    <terrain>
        <p pts="12,128.0,192.0,128.0,256.0,64.0,256.0,64.0,320.0,0.0,320.0,0.0,0.0,512.0,0.0,512.0,64.0,448.0,64.0,448.0,128.0,256.0,128.0,256.0,192.0" x="1536.0" y="0.0"/>
        <p pts="20,2560.0,320.0,0.0,320.0,0.0,192.0,128.0,192.0,128.0,128.0,256.0,128.0,256.0,192.0,512.0,192.0,512.0,64.0,1344.0,64.0,1344.0,0.0,1472.0,0.0,1472.0,128.0,1408.0,128.0,1408.0,192.0,1792.0,192.0,1792.0,128.0,1984.0,128.0,1984.0,64.0,2560.0,64.0" x="0.0" y="192.0"/>
    </terrain>
    <atlases members="" retainAtlases="true"/>
</scene>
