<?xml version="1.0" encoding="UTF-8" standalone="no"?>
<scene depth="1" desc="" eventsnippetid="17" extheight="576" extwidth="768" extx="-64" exty="-64" format="3.4.0" gravx="-0.0" gravy="0.0" height="448" id="4" name="Main Menu" revision="" savecount="0" tiled="1" tileh="64" tilew="64" type="standard" width="640">
    <layers>
        <color-bg blue="51" green="0" red="0"/>
        <layer blendMode="normal" color="100,168,234" id="0" locked="false" name="Layer 0" opacity="100" order="0" scrollFactorX="1.0" scrollFactorY="1.0" visible="true"/>
    </layers>
    <joints/>
    <regions/>
    <terrainRegions/>
    <actors>
        <actor a="0.0" aid="1" c="false" group="3" id="14" name="Start Button 1" sx="1.0" sy="1.0" x="178" y="327" z="0"/>
        <actor a="0.0" aid="2" c="false" group="0" id="2" name="Spaceman 2" sx="1.0" sy="1.0" x="277" y="192" z="0"/>
        <actor a="0.0" aid="3" c="false" group="3" id="16" name="Title 3" sx="1.0" sy="1.0" x="58" y="55" z="0"/>
        <actor a="0.0" aid="4" c="false" group="3" id="20" name="Sound Button 4" sx="1.0" sy="1.0" x="18" y="404" z="0"/>
    </actors>
    <snippets>
        <s enabled="true" id="20">
            <prop id="1" list="0" val="false"/>
            <prop id="2" list="0" val="4"/>
        </s>
        <s enabled="true" id="8">
            <prop id="1" list="0" val="0.0"/>
            <prop id="2" list="0" val="true"/>
            <prop id="3" list="0" val="19"/>
        </s>
    </snippets>
    <terrain/>
    <atlases members="" retainAtlases="true"/>
</scene>
