<?xml version="1.0" encoding="UTF-8" standalone="no"?>
<scene depth="1" desc="" eventsnippetid="23" extheight="576" extwidth="768" extx="-64" exty="-64" format="3.4.0" gravx="-0.0" gravy="0.0" height="448" id="5" name="Gamejarjar" revision="" savecount="0" tiled="1" tileh="64" tilew="64" type="standard" width="640">
    <layers>
        <color-bg blue="255" green="255" red="255"/>
        <background blendMode="normal" customScrollFactor="false" id="1" locked="true" name="Gamejar" opacity="100" order="1" rid="24" scrollFactorX="1.0" scrollFactorY="1.0" visible="true"/>
        <layer blendMode="normal" color="100,168,234" id="0" locked="false" name="Layer 0" opacity="100" order="0" scrollFactorX="1.0" scrollFactorY="1.0" visible="true"/>
    </layers>
    <joints/>
    <regions/>
    <terrainRegions/>
    <actors/>
    <snippets/>
    <terrain>
        <p pts="4,0.0,64.0,0.0,0.0,640.0,0.0,640.0,64.0" x="0.0" y="384.0"/>
    </terrain>
    <atlases members="" retainAtlases="true"/>
</scene>
