<?xml version="1.0" encoding="UTF-8" standalone="no"?>
<scene depth="1" desc="" eventsnippetid="24" extheight="544" extwidth="704" extx="-32" exty="-32" format="3.4.0" gravx="-0.0" gravy="90.0" height="480" id="6" name="Gamejar" revision="" savecount="0" tiled="1" tileh="32" tilew="32" type="standard" width="640">
    <layers>
        <color-bg blue="255" green="255" red="255"/>
        <background blendMode="normal" customScrollFactor="false" id="1" locked="true" name="Gamejar" opacity="100" order="1" rid="24" scrollFactorX="1.0" scrollFactorY="1.0" visible="true"/>
        <layer blendMode="normal" color="128,128,128" id="0" locked="false" name="Layer 0" opacity="100" order="0" scrollFactorX="1.0" scrollFactorY="1.0" visible="true"/>
    </layers>
    <joints/>
    <regions/>
    <terrainRegions/>
    <actors>
        <actor a="0.0" aid="1" c="false" group="0" id="2" name="Spaceman 1" sx="1.0" sy="1.0" x="71" y="308" z="0"/>
        <actor a="0.0" aid="2" c="true" group="4" id="26" name="took 2" sx="1.0" sy="1.0" x="429" y="255" z="0">
            <snippets>
                <s enabled="true" id="25"/>
                <s enabled="true" id="27">
                    <prop id="2147483647" list="0" val="thisactor"/>
                    <prop id="1" list="0" val="1"/>
                    <prop id="2" list="0" val="false"/>
                    <prop id="4" list="0" val="Took"/>
                    <prop id="5" list="0" val="Took"/>
                    <prop id="6" list="0" val=""/>
                    <prop id="7" list="0" val="0.0"/>
                    <prop id="8" list="0" val="8"/>
                    <prop id="9" list="0" val="-40"/>
                    <prop id="10" list="0" val="0.0"/>
                    <prop id="11" list="0" val="1000"/>
                    <prop id="12" list="0" val="2"/>
                </s>
            </snippets>
        </actor>
        <actor a="0.0" aid="3" c="false" group="3" id="20" name="Sound Button 3" sx="1.0" sy="1.0" x="590" y="12" z="0"/>
    </actors>
    <snippets>
        <s enabled="true" id="22"/>
        <s enabled="true" id="8">
            <prop id="1" list="0" val="0.0"/>
            <prop id="2" list="0" val="true"/>
            <prop id="3" list="0" val="28"/>
        </s>
        <s enabled="true" id="10">
            <prop id="1" list="0" val="1"/>
            <prop id="2" list="0" val="-1"/>
        </s>
    </snippets>
    <terrain>
        <p pts="4,640.0,0.0,640.0,96.0,0.0,96.0,0.0,0.0" x="0.0" y="384.0"/>
    </terrain>
    <atlases members="" retainAtlases="true"/>
</scene>
