<?xml version="1.0" encoding="UTF-8" standalone="no"?>
<scenes>
    <scene desc="" format="3.4.0" id="1" name="Default Level"/>
    <scene desc="" format="3.4.0" id="2" name="Level 1 Tutorial"/>
    <scene desc="" format="3.4.0" id="4" name="Main Menu"/>
    <scene desc="" format="3.4.0" id="6" name="Gamejar"/>
    <scene desc="" format="3.4.0" id="7" name="Comic 1a"/>
    <scene desc="" format="3.4.0" id="8" name="Comic 2a"/>
    <scene desc="" format="3.4.0" id="9" name="Comic 2b"/>
    <scene desc="" format="3.4.0" id="10" name="Comic 3a"/>
    <scene desc="" format="3.4.0" id="11" name="Comic 3b"/>
    <scene desc="" format="3.4.0" id="12" name="Comic 3c"/>
    <scene desc="" format="3.4.0" id="13" name="Comic 3d"/>
    <scene desc="" format="3.4.0" id="14" name="Comic 4a"/>
    <scene desc="" format="3.4.0" id="15" name="Comic 4b"/>
    <scene desc="" format="3.4.0" id="16" name="Comic 5a"/>
    <scene desc="" format="3.4.0" id="17" name="Comic 5b"/>
    <scene desc="" format="3.4.0" id="18" name="Comic 4c"/>
</scenes>
