<?xml version="1.0" encoding="UTF-8" standalone="no"?>
<pack>
    <snippet attachedevent="true" class="scripts.SceneEvents_1" classname="scripts.SceneEvents_1" desc="Scene Specific Events" description="Scene Specific Events" design="true" drawOrder="0" id="1" name="SceneEvents_1" oid="-1" package="scripts." sceneid="1" shared="false" type="scene">
        <blocks/>
        <events>
            <event displayName="Created" enabled="true" id="1" name="init" order="1" repeats="true"/>
            <event displayName="Enters Screen" enabled="true" id="2" name="event-actor-screen" order="2" repeats="false"/>
        </events>
    </snippet>
    <snippet actorid="2" attachedevent="true" class="scripts.ActorEvents_2" classname="scripts.ActorEvents_2" desc="Actor Specific Events" description="Actor Specific Events" design="true" drawOrder="0" id="2" name="ActorEvents_2" oid="-1" package="scripts." shared="false" type="actor">
        <blocks/>
        <events/>
    </snippet>
    <snippet attachedevent="false" class="scripts.Design_3_3_mvmt" classname="scripts.Design_3_3_mvmt" desc="" description="" design="true" drawOrder="0" id="3" name="Movement" oid="-1" package="scripts" shared="false" type="actor">
        <actor default="thisactor" defaultValue="thisactor" desc="" dropdown="" fullname="Actor" hidden="true" id="2147483647" name="actor" order="0"/>
        <animation default="" defaultValue="" desc="" dropdown="" fullname="walk" hidden="false" id="1" name="_walk" order="1"/>
        <animation default="" defaultValue="" desc="" dropdown="" fullname="idle" hidden="false" id="2" name="_idle" order="2"/>
        <boolean default="false" defaultValue="false" desc="" dropdown="" fullname="grounded" hidden="true" id="3" name="_grounded" order="3"/>
        <animation default="" defaultValue="" desc="" dropdown="" fullname="jump" hidden="false" id="4" name="_jump" order="4"/>
        <boolean default="false" defaultValue="false" desc="" dropdown="" fullname="air" hidden="true" id="5" name="_air" order="5"/>
        <boolean default="false" defaultValue="false" desc="" dropdown="" fullname="Allow" hidden="true" id="6" name="_Allow" order="6"/>
        <blocks/>
        <events>
            <event displayName="Updating" enabled="true" id="1" name="step" order="1" repeats="true"/>
            <event displayName="Actor - Group" enabled="true" id="2" name="event-collide-actortogroup" order="3" repeats="true"/>
            <event displayName="Custom Event" enabled="true" id="3" name="event-custom" order="2" repeats="true"/>
            <event displayName="Created" enabled="true" id="4" name="init" order="4" repeats="true"/>
        </events>
    </snippet>
    <snippet actorid="5" attachedevent="true" class="scripts.ActorEvents_5" classname="scripts.ActorEvents_5" desc="Actor Specific Events" description="Actor Specific Events" design="true" drawOrder="0" id="4" name="ActorEvents_5" oid="-1" package="scripts." shared="false" type="actor">
        <blocks/>
        <events/>
    </snippet>
    <snippet attachedevent="false" class="scripts.Design_5_5_SlimeBehavior" classname="scripts.Design_5_5_SlimeBehavior" desc="" description="" design="true" drawOrder="0" id="5" name="Slime Behavior" oid="-1" package="scripts" shared="false" type="actor">
        <actor default="thisactor" defaultValue="thisactor" desc="" dropdown="" fullname="Actor" hidden="true" id="2147483647" name="actor" order="0"/>
        <actor default="" defaultValue="" desc="" dropdown="" fullname="Player Actor" hidden="false" id="1" name="_PlayerActor" order="1"/>
        <boolean default="false" defaultValue="false" desc="" dropdown="" fullname="Attack Delay" hidden="true" id="2" name="_AttackDelay" order="2"/>
        <animation default="" defaultValue="" desc="" dropdown="" fullname="Attack Animations" hidden="false" id="4" name="_AttackAnimations" order="3"/>
        <animation default="" defaultValue="" desc="" dropdown="" fullname="Idle Animations" hidden="false" id="5" name="_IdleAnimations" order="10"/>
        <actor default="" defaultValue="" desc="" dropdown="" fullname="Origin X Position" hidden="true" id="6" name="_OriginXPosition" order="4"/>
        <number default="0.0" defaultValue="0.0" desc="" dropdown="" fullname="Origin X" hidden="false" id="7" name="_OriginX" order="6"/>
        <actortype default="8" defaultValue="8" desc="" dropdown="" fullname="Arrow" hidden="false" id="8" name="_Arrow" order="7"/>
        <number default="0.0" defaultValue="0.0" desc="" dropdown="" fullname="Arrow Y Offset" hidden="false" id="9" name="_ArrowYOffset" order="8"/>
        <number default="0.0" defaultValue="0.0" desc="" dropdown="" fullname="X Direction" hidden="true" id="10" name="_XDirection" order="9"/>
        <number default="0" defaultValue="0" desc="" dropdown="" fullname="Fire Range" hidden="false" id="11" name="_FireRange" order="5"/>
        <blocks/>
        <events>
            <event displayName="Updating" enabled="true" id="1" name="step" order="1" repeats="true"/>
            <event displayName="Created" enabled="true" id="2" name="init" order="2" repeats="true"/>
        </events>
    </snippet>
    <snippet actorid="8" attachedevent="true" class="scripts.ActorEvents_8" classname="scripts.ActorEvents_8" desc="Actor Specific Events" description="Actor Specific Events" design="true" drawOrder="0" id="6" name="ActorEvents_8" oid="-1" package="scripts." shared="false" type="actor">
        <blocks/>
        <events/>
    </snippet>
    <snippet attachedevent="false" class="scripts.Design_7_7_Health" classname="scripts.Design_7_7_Health" desc="" description="" design="true" drawOrder="0" id="7" name="Healthpoints System" oid="-1" package="scripts" shared="false" type="scene">
        <number default="0.0" defaultValue="0.0" desc="" dropdown="" fullname="HP" hidden="false" id="1" name="_HP" order="0"/>
        <list default="list" defaultValue="list" desc="" dropdown="" fullname="List of Health Indicators" hidden="true" id="2" name="_ListofHealthIndicators" order="1"/>
        <boolean default="false" defaultValue="false" desc="" dropdown="" fullname="Damage Delay" hidden="true" id="3" name="_DamageDelay" order="2"/>
        <number default="0" defaultValue="0" desc="" dropdown="" fullname="Max Lifepoints" hidden="true" id="4" name="_MaxLifepoints" order="3"/>
        <actor default="" defaultValue="" desc="" dropdown="" fullname="Heart Actor" hidden="false" id="5" name="_HeartActor" order="4"/>
        <blocks/>
        <events>
            <event displayName="Type - Type" enabled="true" id="1" name="event-collide-typetotype" order="1" repeats="false"/>
            <event displayName="Created" enabled="true" id="2" name="init" order="2" repeats="true"/>
            <event displayName="Custom Event" enabled="true" id="3" name="event-custom" order="3" repeats="true"/>
        </events>
    </snippet>
    <snippet attachedevent="false" class="scripts.Design_8_8_BackgroundMusic" classname="scripts.Design_8_8_BackgroundMusic" desc="Loop music when the scene is loaded." description="Loop music when the scene is loaded." design="true" drawOrder="0" id="8" name="Background Music" oid="-1" package="scripts" shared="false" type="scene">
        <number default="0.0" defaultValue="0.0" desc="The channel at which to play the music. Must be between 0 and 31 inclusive." dropdown="" fullname="Channel" hidden="false" id="1" name="_Channel" order="1"/>
        <boolean default="true" defaultValue="true" desc="If selected, the sound on the selected channel will be stopped before the music starts." dropdown="" fullname="Stop Channel First" hidden="false" id="2" name="_StopChannelFirst" order="2"/>
        <sound default="" defaultValue="" desc="The background music to play." dropdown="" fullname="Music to Play" hidden="false" id="3" name="_MusictoPlay" order="0"/>
        <blocks/>
        <events>
            <event displayName="Created" enabled="true" id="2" name="init" order="2" repeats="true"/>
        </events>
    </snippet>
    <snippet actorid="12" attachedevent="true" class="scripts.ActorEvents_12" classname="scripts.ActorEvents_12" desc="Actor Specific Events" description="Actor Specific Events" design="true" drawOrder="0" id="9" name="ActorEvents_12" oid="-1" package="scripts." shared="false" type="actor">
        <blocks/>
        <events/>
    </snippet>
    <snippet attachedevent="false" class="scripts.Design_10_10_SceneManager" classname="scripts.Design_10_10_SceneManager" desc="" description="" design="true" drawOrder="0" id="10" name="Scene Manager" oid="-1" package="scripts" shared="false" type="scene">
        <actor default="" defaultValue="" desc="" dropdown="" fullname="Player Actor" hidden="false" id="1" name="_PlayerActor" order="0"/>
        <actor default="" defaultValue="" desc="" dropdown="" fullname="projectile" hidden="false" id="2" name="_projectile" order="1"/>
        <blocks/>
        <events>
            <event displayName="Enters Screen" enabled="true" id="1" name="event-type-screen" order="1" repeats="true"/>
            <event displayName="Type - Type" enabled="true" id="2" name="event-collide-typetotype" order="2" repeats="true"/>
        </events>
    </snippet>
    <snippet attachedevent="false" class="scripts.Design_12_12_LifePickupp" classname="scripts.Design_12_12_LifePickupp" desc="" description="" design="true" drawOrder="0" id="12" name="Life Pickup" oid="-1" package="scripts" shared="false" type="actor">
        <actor default="thisactor" defaultValue="thisactor" desc="" dropdown="" fullname="Actor" hidden="true" id="2147483647" name="actor" order="0"/>
        <actor default="" defaultValue="" desc="" dropdown="" fullname="Player Actor" hidden="true" id="1" name="_PlayerActor" order="1"/>
        <blocks/>
        <events>
            <event displayName="Created" enabled="true" id="1" name="init" order="1" repeats="true"/>
            <event displayName="Actor - Actor" enabled="true" id="2" name="event-collide-actortoactor" order="2" repeats="true"/>
        </events>
    </snippet>
    <snippet attachedevent="true" class="scripts.SceneEvents_2" classname="scripts.SceneEvents_2" desc="Scene Specific Events" description="Scene Specific Events" design="true" drawOrder="0" id="13" name="SceneEvents_2" oid="-1" package="scripts." sceneid="2" shared="false" type="scene">
        <boolean default="false" defaultValue="false" desc="" dropdown="" fullname="dialogue" hidden="false" id="2" name="_dialogue" order="1"/>
        <blocks/>
        <events>
            <event displayName="Created" enabled="true" id="1" name="init" order="1" repeats="true"/>
            <event displayName="Keyboard" enabled="true" id="2" name="event-key-press-release" order="7" repeats="true"/>
            <event displayName="Updating" enabled="true" id="3" name="step" order="2" repeats="true"/>
            <event displayName="Enters Region" enabled="true" id="4" name="event-actor-region" order="3" repeats="true"/>
            <event displayName="Enters Region" enabled="true" id="6" name="event-actor-region" order="5" repeats="true"/>
            <event displayName="Enters Region" enabled="true" id="7" name="event-actor-region" order="6" repeats="true"/>
        </events>
    </snippet>
    <snippet attachedevent="false" class="scripts.Design_14_14_GoalMechanic" classname="scripts.Design_14_14_GoalMechanic" desc="" description="" design="true" drawOrder="0" id="14" name="Goal Mechanic" oid="-1" package="scripts" shared="false" type="scene">
        <actor default="" defaultValue="" desc="" dropdown="" fullname="Player Actor" hidden="true" id="1" name="_PlayerActor" order="0"/>
        <region default="" defaultValue="" desc="" dropdown="" fullname="Goal" hidden="false" id="2" name="_Goal" order="1"/>
        <scene default="" defaultValue="" desc="" dropdown="" fullname="Next Scene" hidden="false" id="3" name="_NextScene" order="2"/>
        <blocks/>
        <events>
            <event displayName="Enters Region" enabled="true" id="1" name="event-actor-region" order="1" repeats="true"/>
            <event displayName="Created" enabled="true" id="2" name="init" order="2" repeats="true"/>
        </events>
    </snippet>
    <snippet actorid="14" attachedevent="true" class="scripts.ActorEvents_14" classname="scripts.ActorEvents_14" desc="Actor Specific Events" description="Actor Specific Events" design="true" drawOrder="0" id="16" name="ActorEvents_14" oid="-1" package="scripts." shared="false" type="actor">
        <blocks/>
        <events/>
    </snippet>
    <snippet attachedevent="true" class="scripts.SceneEvents_4" classname="scripts.SceneEvents_4" desc="Scene Specific Events" description="Scene Specific Events" design="true" drawOrder="0" id="17" name="SceneEvents_4" oid="-1" package="scripts." sceneid="4" shared="false" type="scene">
        <animation default="" defaultValue="" desc="" dropdown="" fullname="Idle" hidden="false" id="1" name="_Idle" order="0"/>
        <boolean default="false" defaultValue="false" desc="" dropdown="" fullname="Muted" hidden="false" id="2" name="_Muted" order="1"/>
        <boolean default="false" defaultValue="false" desc="" dropdown="" fullname="key combo" hidden="false" id="3" name="_keycombo" order="2"/>
        <blocks/>
        <events>
            <event displayName="Updating" enabled="true" id="1" name="step" order="1" repeats="true"/>
            <event displayName=" " enabled="true" id="2" name="draw" order="7" repeats="true"/>
            <event displayName="Updating" enabled="true" id="3" name="step" order="5" repeats="false"/>
            <event displayName="Keyboard" enabled="true" id="4" name="event-key-press-release" order="3" repeats="true"/>
            <event displayName="Keyboard" enabled="true" id="5" name="event-key-press-release" order="2" repeats="true"/>
            <event displayName="Keyboard" enabled="true" id="6" name="event-key-press-release" order="4" repeats="true"/>
        </events>
    </snippet>
    <snippet actorid="16" attachedevent="true" class="scripts.ActorEvents_16" classname="scripts.ActorEvents_16" desc="Actor Specific Events" description="Actor Specific Events" design="true" drawOrder="0" id="18" name="ActorEvents_16" oid="-1" package="scripts." shared="false" type="actor">
        <blocks/>
        <events/>
    </snippet>
    <snippet actorid="20" attachedevent="true" class="scripts.ActorEvents_20" classname="scripts.ActorEvents_20" desc="Actor Specific Events" description="Actor Specific Events" design="true" drawOrder="0" id="19" name="ActorEvents_20" oid="-1" package="scripts." shared="false" type="actor">
        <blocks/>
        <events>
            <event displayName="Updating" enabled="true" id="1" name="step" order="1" repeats="true"/>
            <event displayName="Drawing" enabled="true" id="2" name="draw" order="2" repeats="true"/>
        </events>
    </snippet>
    <snippet attachedevent="false" class="scripts.Design_20_20_Mute" classname="scripts.Design_20_20_Mute" desc="" description="" design="true" drawOrder="0" id="20" name="Mute Button" oid="-1" package="scripts" shared="false" type="scene">
        <boolean default="false" defaultValue="false" desc="" dropdown="" fullname="Muted" hidden="true" id="1" name="_Muted" order="0"/>
        <actor default="" defaultValue="" desc="" dropdown="" fullname="Mute button" hidden="false" id="2" name="_Mutebutton" order="1"/>
        <blocks/>
        <events>
            <event displayName="On Actor" enabled="true" id="1" name="event-mouse-enter-exit-actor" order="1" repeats="true"/>
            <event displayName="Drawing" enabled="true" id="2" name="draw" order="2" repeats="true"/>
        </events>
    </snippet>
    <snippet attachedevent="false" class="scripts.Design_21_21_MuteButtonAnchor" classname="scripts.Design_21_21_MuteButtonAnchor" desc="" description="" design="true" drawOrder="0" id="21" name="Mute Button Anchor" oid="-1" package="scripts" shared="false" type="scene">
        <actor default="" defaultValue="" desc="" dropdown="" fullname="mute button" hidden="false" id="1" name="_mutebutton" order="0"/>
        <blocks/>
        <events>
            <event displayName="Updating" enabled="true" id="1" name="step" order="1" repeats="true"/>
        </events>
    </snippet>
    <snippet attachedevent="false" class="scripts.Design_22_22_Esc" classname="scripts.Design_22_22_Esc" desc="" description="" design="true" drawOrder="0" id="22" name="ESC to Exit" oid="-1" package="scripts" shared="false" type="scene">
        <blocks/>
        <events>
            <event displayName="Keyboard" enabled="true" id="2" name="event-key-press-release" order="2" repeats="true"/>
        </events>
    </snippet>
    <snippet attachedevent="true" class="scripts.SceneEvents_6" classname="scripts.SceneEvents_6" desc="Scene Specific Events" description="Scene Specific Events" design="true" drawOrder="0" id="24" name="SceneEvents_6" oid="-1" package="scripts." sceneid="6" shared="false" type="scene">
        <actor default="" defaultValue="" desc="" dropdown="" fullname="Idle" hidden="false" id="1" name="_Idle" order="0"/>
        <actor default="" defaultValue="" desc="" dropdown="" fullname="plaer actor" hidden="false" id="2" name="_plaeractor" order="1"/>
        <blocks/>
        <events>
            <event displayName="Actor - Actor" enabled="true" id="1" name="event-collide-actortoactor" order="1" repeats="true"/>
            <event displayName="Created" enabled="true" id="2" name="init" order="2" repeats="true"/>
            <event displayName="Drawing" enabled="true" id="3" name="draw" order="3" repeats="true"/>
            <event displayName="Keyboard" enabled="true" id="5" name="event-key-press-release" order="5" repeats="true"/>
            <event displayName="Keyboard" enabled="true" id="6" name="event-key-press-release" order="6" repeats="true"/>
            <event displayName="Keyboard" enabled="true" id="7" name="event-key-press-release" order="7" repeats="true"/>
        </events>
    </snippet>
    <snippet actorid="26" attachedevent="true" class="scripts.ActorEvents_26" classname="scripts.ActorEvents_26" desc="Actor Specific Events" description="Actor Specific Events" design="true" drawOrder="0" id="25" name="ActorEvents_26" oid="-1" package="scripts." shared="false" type="actor">
        <blocks/>
        <events/>
    </snippet>
    <snippet attachedevent="false" class="scripts.Design_27_27" classname="scripts.Design_27_27" desc="" description="" design="true" drawOrder="0" id="27" name="Took Nook Behavior" oid="-1" package="scripts" shared="false" type="actor">
        <actor default="thisactor" defaultValue="thisactor" desc="" dropdown="" fullname="Actor" hidden="true" id="2147483647" name="actor" order="0"/>
        <actor default="" defaultValue="" desc="" dropdown="" fullname="Player Actor" hidden="false" id="1" name="_PlayerActor" order="1"/>
        <boolean default="false" defaultValue="false" desc="" dropdown="" fullname="Attack Delay" hidden="true" id="2" name="_AttackDelay" order="2"/>
        <animation default="" defaultValue="" desc="" dropdown="" fullname="Attack Animations" hidden="false" id="4" name="_AttackAnimations" order="3"/>
        <animation default="" defaultValue="" desc="" dropdown="" fullname="Idle Animations" hidden="false" id="5" name="_IdleAnimations" order="11"/>
        <actor default="" defaultValue="" desc="" dropdown="" fullname="Origin X Position" hidden="true" id="6" name="_OriginXPosition" order="4"/>
        <number default="0.0" defaultValue="0.0" desc="" dropdown="" fullname="Origin X" hidden="false" id="7" name="_OriginX" order="6"/>
        <actortype default="" defaultValue="" desc="" dropdown="" fullname="Arrow" hidden="false" id="8" name="_Arrow" order="8"/>
        <number default="0.0" defaultValue="0.0" desc="" dropdown="" fullname="Arrow Y Offset" hidden="false" id="9" name="_ArrowYOffset" order="9"/>
        <number default="0.0" defaultValue="0.0" desc="" dropdown="" fullname="X Direction" hidden="true" id="10" name="_XDirection" order="10"/>
        <number default="1000" defaultValue="1000" desc="" dropdown="" fullname="Fire Range" hidden="false" id="11" name="_FireRange" order="5"/>
        <actor default="" defaultValue="" desc="" dropdown="" fullname="anchor" hidden="false" id="12" name="_anchor" order="7"/>
        <blocks/>
        <events>
            <event displayName="Updating" enabled="true" id="1" name="step" order="1" repeats="false"/>
            <event displayName="Created" enabled="true" id="2" name="init" order="2" repeats="true"/>
        </events>
    </snippet>
    <snippet actorid="29" attachedevent="true" class="scripts.ActorEvents_29" classname="scripts.ActorEvents_29" desc="Actor Specific Events" description="Actor Specific Events" design="true" drawOrder="0" id="28" name="ActorEvents_29" oid="-1" package="scripts." shared="false" type="actor">
        <blocks/>
        <events/>
    </snippet>
    <snippet actorid="31" attachedevent="true" class="scripts.ActorEvents_31" classname="scripts.ActorEvents_31" desc="Actor Specific Events" description="Actor Specific Events" design="true" drawOrder="0" id="29" name="ActorEvents_31" oid="-1" package="scripts." shared="false" type="actor">
        <blocks/>
        <events/>
    </snippet>
    <snippet actorid="33" attachedevent="true" class="scripts.ActorEvents_33" classname="scripts.ActorEvents_33" desc="Actor Specific Events" description="Actor Specific Events" design="true" drawOrder="0" id="30" name="ActorEvents_33" oid="-1" package="scripts." shared="false" type="actor">
        <blocks/>
        <events/>
    </snippet>
    <snippet actorid="36" attachedevent="true" class="scripts.ActorEvents_36" classname="scripts.ActorEvents_36" desc="Actor Specific Events" description="Actor Specific Events" design="true" drawOrder="0" id="31" name="ActorEvents_36" oid="-1" package="scripts." shared="false" type="actor">
        <blocks/>
        <events/>
    </snippet>
    <snippet actorid="5" attachedevent="true" class="scripts.ActorEvents_40" classname="scripts.ActorEvents_40" desc="Actor Specific Events" description="Actor Specific Events" design="true" drawOrder="0" id="32" name="ActorEvents_40" oid="-1" package="scripts." shared="false" type="actor">
        <blocks/>
        <events/>
    </snippet>
    <snippet attachedevent="false" class="scripts.Design_33_33_SlimeMovement" classname="scripts.Design_33_33_SlimeMovement" desc="" description="" design="true" drawOrder="0" id="33" name="Slime Movement" oid="-1" package="scripts" shared="false" type="actor">
        <actor default="thisactor" defaultValue="thisactor" desc="" dropdown="" fullname="Actor" hidden="true" id="2147483647" name="actor" order="0"/>
        <boolean default="false" defaultValue="false" desc="" dropdown="" fullname="grounded" hidden="true" id="1" name="_grounded" order="1"/>
        <boolean default="false" defaultValue="false" desc="" dropdown="" fullname="air" hidden="true" id="2" name="_air" order="2"/>
        <animation default="" defaultValue="" desc="" dropdown="" fullname="jump" hidden="false" id="3" name="_jump" order="3"/>
        <animation default="" defaultValue="" desc="" dropdown="" fullname="walk" hidden="false" id="4" name="_walk" order="4"/>
        <animation default="" defaultValue="" desc="" dropdown="" fullname="idle" hidden="false" id="5" name="_idle" order="5"/>
        <blocks/>
        <events>
            <event displayName="Updating" enabled="true" id="1" name="step" order="1" repeats="true"/>
        </events>
    </snippet>
    <snippet attachedevent="true" class="scripts.SceneEvents_7" classname="scripts.SceneEvents_7" desc="Scene Specific Events" description="Scene Specific Events" design="true" drawOrder="0" id="34" name="SceneEvents_7" oid="-1" package="scripts." sceneid="7" shared="false" type="scene">
        <blocks/>
        <events>
            <event displayName="Updating" enabled="true" id="1" name="step" order="1" repeats="true"/>
        </events>
    </snippet>
    <snippet actorid="55" attachedevent="true" class="scripts.ActorEvents_55" classname="scripts.ActorEvents_55" desc="Actor Specific Events" description="Actor Specific Events" design="true" drawOrder="0" id="35" name="ActorEvents_55" oid="-1" package="scripts." shared="false" type="actor">
        <blocks/>
        <events/>
    </snippet>
    <snippet actorid="57" attachedevent="true" class="scripts.ActorEvents_57" classname="scripts.ActorEvents_57" desc="Actor Specific Events" description="Actor Specific Events" design="true" drawOrder="0" id="36" name="ActorEvents_57" oid="-1" package="scripts." shared="false" type="actor">
        <blocks/>
        <events/>
    </snippet>
    <snippet actorid="59" attachedevent="true" class="scripts.ActorEvents_59" classname="scripts.ActorEvents_59" desc="Actor Specific Events" description="Actor Specific Events" design="true" drawOrder="0" id="37" name="ActorEvents_59" oid="-1" package="scripts." shared="false" type="actor">
        <blocks/>
        <events/>
    </snippet>
    <snippet actorid="61" attachedevent="true" class="scripts.ActorEvents_61" classname="scripts.ActorEvents_61" desc="Actor Specific Events" description="Actor Specific Events" design="true" drawOrder="0" id="38" name="ActorEvents_61" oid="-1" package="scripts." shared="false" type="actor">
        <blocks/>
        <events/>
    </snippet>
    <snippet actorid="63" attachedevent="true" class="scripts.ActorEvents_63" classname="scripts.ActorEvents_63" desc="Actor Specific Events" description="Actor Specific Events" design="true" drawOrder="0" id="39" name="ActorEvents_63" oid="-1" package="scripts." shared="false" type="actor">
        <blocks/>
        <events/>
    </snippet>
    <snippet attachedevent="true" class="scripts.SceneEvents_8" classname="scripts.SceneEvents_8" desc="Scene Specific Events" description="Scene Specific Events" design="true" drawOrder="0" id="40" name="SceneEvents_8" oid="-1" package="scripts." sceneid="8" shared="false" type="scene">
        <blocks/>
        <events>
            <event displayName="Updating" enabled="true" id="1" name="step" order="1" repeats="true"/>
        </events>
    </snippet>
    <snippet attachedevent="true" class="scripts.SceneEvents_9" classname="scripts.SceneEvents_9" desc="Scene Specific Events" description="Scene Specific Events" design="true" drawOrder="0" id="41" name="SceneEvents_9" oid="-1" package="scripts." sceneid="9" shared="false" type="scene">
        <blocks/>
        <events>
            <event displayName="Updating" enabled="true" id="1" name="step" order="1" repeats="true"/>
            <event displayName="Created" enabled="true" id="2" name="init" order="2" repeats="true"/>
        </events>
    </snippet>
    <snippet attachedevent="true" class="scripts.SceneEvents_10" classname="scripts.SceneEvents_10" desc="Scene Specific Events" description="Scene Specific Events" design="true" drawOrder="0" id="42" name="SceneEvents_10" oid="-1" package="scripts." sceneid="10" shared="false" type="scene">
        <blocks/>
        <events>
            <event displayName="Updating" enabled="true" id="1" name="step" order="1" repeats="true"/>
        </events>
    </snippet>
    <snippet attachedevent="true" class="scripts.SceneEvents_11" classname="scripts.SceneEvents_11" desc="Scene Specific Events" description="Scene Specific Events" design="true" drawOrder="0" id="43" name="SceneEvents_11" oid="-1" package="scripts." sceneid="11" shared="false" type="scene">
        <blocks/>
        <events>
            <event displayName="Updating" enabled="true" id="1" name="step" order="1" repeats="true"/>
        </events>
    </snippet>
    <snippet attachedevent="true" class="scripts.SceneEvents_12" classname="scripts.SceneEvents_12" desc="Scene Specific Events" description="Scene Specific Events" design="true" drawOrder="0" id="44" name="SceneEvents_12" oid="-1" package="scripts." sceneid="12" shared="false" type="scene">
        <blocks/>
        <events>
            <event displayName="Updating" enabled="true" id="1" name="step" order="1" repeats="true"/>
        </events>
    </snippet>
    <snippet attachedevent="true" class="scripts.SceneEvents_13" classname="scripts.SceneEvents_13" desc="Scene Specific Events" description="Scene Specific Events" design="true" drawOrder="0" id="45" name="SceneEvents_13" oid="-1" package="scripts." sceneid="13" shared="false" type="scene">
        <blocks/>
        <events>
            <event displayName="Updating" enabled="true" id="1" name="step" order="1" repeats="true"/>
        </events>
    </snippet>
    <snippet attachedevent="true" class="scripts.SceneEvents_14" classname="scripts.SceneEvents_14" desc="Scene Specific Events" description="Scene Specific Events" design="true" drawOrder="0" id="46" name="SceneEvents_14" oid="-1" package="scripts." sceneid="14" shared="false" type="scene">
        <blocks/>
        <events>
            <event displayName="Updating" enabled="true" id="1" name="step" order="1" repeats="true"/>
        </events>
    </snippet>
    <snippet attachedevent="true" class="scripts.SceneEvents_15" classname="scripts.SceneEvents_15" desc="Scene Specific Events" description="Scene Specific Events" design="true" drawOrder="0" id="47" name="SceneEvents_15" oid="-1" package="scripts." sceneid="15" shared="false" type="scene">
        <blocks/>
        <events>
            <event displayName="Updating" enabled="true" id="1" name="step" order="1" repeats="true"/>
        </events>
    </snippet>
    <snippet attachedevent="true" class="scripts.SceneEvents_16" classname="scripts.SceneEvents_16" desc="Scene Specific Events" description="Scene Specific Events" design="true" drawOrder="0" id="48" name="SceneEvents_16" oid="-1" package="scripts." sceneid="16" shared="false" type="scene">
        <blocks/>
        <events>
            <event displayName="Updating" enabled="true" id="1" name="step" order="1" repeats="true"/>
        </events>
    </snippet>
    <snippet attachedevent="true" class="scripts.SceneEvents_17" classname="scripts.SceneEvents_17" desc="Scene Specific Events" description="Scene Specific Events" design="true" drawOrder="0" id="49" name="SceneEvents_17" oid="-1" package="scripts." sceneid="17" shared="false" type="scene">
        <blocks/>
        <events>
            <event displayName="Updating" enabled="true" id="2" name="step" order="2" repeats="true"/>
        </events>
    </snippet>
    <snippet attachedevent="true" class="scripts.SceneEvents_18" classname="scripts.SceneEvents_18" desc="Scene Specific Events" description="Scene Specific Events" design="true" drawOrder="0" id="50" name="SceneEvents_18" oid="-1" package="scripts." sceneid="18" shared="false" type="scene">
        <blocks/>
        <events>
            <event displayName="Updating" enabled="true" id="1" name="step" order="1" repeats="true"/>
        </events>
    </snippet>
    <snippet actorid="66" attachedevent="true" class="scripts.ActorEvents_66" classname="scripts.ActorEvents_66" desc="Actor Specific Events" description="Actor Specific Events" design="true" drawOrder="0" id="51" name="ActorEvents_66" oid="-1" package="scripts." shared="false" type="actor">
        <blocks/>
        <events/>
    </snippet>
</pack>
