<?xml version="1.0" encoding="UTF-8" standalone="no"?>
<game accelFramerate="0" adsPosition="0" aheight="480" androidMinVersion="0" androidTargetVersion="7" antialias="true" appName="My Game" appType="0" atlasBindingDefault="false" author="" authorURL="" autoRotate="false" awidth="640" backgroundColor="-15592942" barBackgroundColor="-12303292" barColor="-7829368" barHeight="8" barLocation="0" barOffsetX="0" barOffsetXPhone="0" barOffsetXTablet="0" barOffsetY="0" barOffsetYPhone="0" barOffsetYTablet="0" barScalePhone="1.0" barScaleTablet="2.0" barWidth="120" bindAllAtlasesDefault="false" borderColor="-12303292" borderThickness="2" bundleID="com.yourname.gamename" bundleVersion="1.0" checksum="none" cws-desc="Description" cws-icon128="" cws-icon16="" cws-name="Name" cws-version="1.0" default="4" defaultFramerate="60" defaultSceneID="4" desc="" desktopScale="1x" desktopScaleMode="1" disableBackButton="false" enableGPG="false" enablePurchases="false" format="3.4.0" gameid="-1" googleAppID="" haxeExtras="" height="480" internalVersion="1" internalVersionIOS="1" kit="false" lockURL="" macBundleID="" maxScaleAndroid="1x" maxScaleDesktop="1x" maxScaleIOS="1x" maxScaleWeb="1x" metroColor="-12566464" multitouch="true" name="The Game Game" openflExtras="" openflLegacy="true" orientation="0" physicsMode="0" pixelsnap="false" preloaderstyle="0" products="" scale="1" scaleModeAndroid="0" scaleModeDesktop="0" scaleModeIOS="0" scaleModeWeb="0" showAds="false" simulatorOS="0.0" simulatorTargetOS="0.0" splashStyle="0" startInFullScreenDesktop="false" startInFullScreenWeb="false" swfHeight="0" swfWidth="0" swfX="0" swfY="0" swfloc="" telemetry="false" testAds="false" useGlossyIcon="false" webScale="1x" width="640" windowsAppName="" windowsAuthor="" windowsBundleID="">
    <keys androidAlias="" androidCert="" androidPassword="" androidPublicKey="" cpmID="" iosTeamID="" ioswhirlKey="" ioswhirlKey1="" ngID="" ngKey="" p12="" p12pwd="" prov-adhoc="" prov-store="" whirlKey="" whirlKey1=""/>
    <exts>
        <e enabled="true" id="com.polydes.dialog"/>
        <e enabled="false" id="test"/>
        <e enabled="false" id="test-native"/>
        <e enabled="false" id="label"/>
        <e enabled="false" id="test-flash"/>
        <e enabled="true" id="com.polydes.datastruct"/>
    </exts>
    <scales>
        <scale detailed="1x" id="0" name="1x" size="1.0"/>
        <scale detailed="1.5x" id="1" name="1.5x" size="1.5"/>
        <scale detailed="2x" id="2" name="2x" size="2.0"/>
        <scale detailed="3x" id="3" name="3x" size="3.0"/>
        <scale detailed="4x" id="4" name="4x" size="4.0"/>
    </scales>
    <projectScales>
        <scale enabled="true" name="1x"/>
        <scale enabled="false" name="1.5x"/>
        <scale enabled="false" name="2x"/>
        <scale enabled="false" name="3x"/>
        <scale enabled="false" name="4x"/>
    </projectScales>
    <webScales>
        <scale enabled="true" name="1x"/>
        <scale enabled="false" name="1.5x"/>
        <scale enabled="false" name="2x"/>
        <scale enabled="false" name="3x"/>
        <scale enabled="false" name="4x"/>
    </webScales>
    <desktopScales>
        <scale enabled="true" name="1x"/>
        <scale enabled="false" name="1.5x"/>
        <scale enabled="false" name="2x"/>
        <scale enabled="false" name="3x"/>
        <scale enabled="false" name="4x"/>
    </desktopScales>
    <iOSScales>
        <scale enabled="true" name="1x"/>
        <scale enabled="false" name="1.5x"/>
        <scale enabled="false" name="2x"/>
        <scale enabled="false" name="3x"/>
        <scale enabled="false" name="4x"/>
    </iOSScales>
    <androidScales>
        <scale enabled="true" name="1x"/>
        <scale enabled="false" name="1.5x"/>
        <scale enabled="false" name="2x"/>
        <scale enabled="false" name="3x"/>
        <scale enabled="false" name="4x"/>
    </androidScales>
    <folders/>
    <packs/>
    <groups>
        <group desc="" id="4" name="enemies"/>
    </groups>
    <cgroups>
        <cgroup g1="0" g2="1"/>
        <cgroup g1="0" g2="3"/>
        <cgroup g1="0" g2="4"/>
        <cgroup g1="1" g2="4"/>
    </cgroups>
    <input>
        <key id="0" keyname="UP" name="up" vk="38" vks="38"/>
        <key id="1" keyname="DOWN" name="down" vk="40" vks="40"/>
        <key id="2" keyname="LEFT" name="left" vk="37" vks="37"/>
        <key id="3" keyname="RIGHT" name="right" vk="39" vks="39"/>
        <key id="4" keyname="Z" name="action1" vk="90" vks="90"/>
        <key id="5" keyname="X" name="action2" vk="88" vks="88"/>
        <key id="6" keyname="ENTER" name="enter" vk="10" vks="10"/>
        <key id="7" keyname="ESCAPE" name="ESC" vk="27" vks="27"/>
        <key id="8" keyname="SHIFT" name="Key 0" vk="16" vks="16"/>
        <key id="9" keyname="NUMBER_1" name="Key 1" vk="49" vks="49"/>
        <key id="10" keyname="NUMBER_2" name="Key 2" vk="50" vks="50"/>
        <key id="11" keyname="NUMBER_3" name="Key 3" vk="51" vks="51"/>
        <key id="12" keyname="D" name="Key 4" vk="68" vks="68"/>
    </input>
    <attcats>
        <cat id="-1" name="Default"/>
    </attcats>
    <props/>
    <attributes/>
    <collisions>
        <poly id="0" name="Square" pts="0.0,0.0#0.0,1.0#1.0,1.0#1.0,0.0"/>
        <poly id="1" name="Rect Up" pts="0.0,0.0#0.0,0.5#1.0,0.5#1.0,0.0"/>
        <poly id="2" name="Rect Down" pts="0.0,0.5#0.0,1.0#1.0,1.0#1.0,0.5"/>
        <poly id="3" name="Rect Left" pts="0.0,0.0#0.0,1.0#0.5,1.0#0.5,0.0"/>
        <poly id="4" name="Rect Right" pts="0.5,0.0#0.5,1.0#1.0,1.0#1.0,0.0"/>
        <poly id="5" name="Tri 45R" pts="0.0,0.0#0.0,1.0#1.0,1.0"/>
        <poly id="6" name="Tri 45L" pts="1.0,0.0#0.0,1.0#1.0,1.0"/>
        <poly id="7" name="Tri 45R Inv" pts="0.0,0.0#0.0,1.0#1.0,0.0"/>
        <poly id="8" name="Tri 45L Inv" pts="0.0,0.0#1.0,1.0#1.0,0.0"/>
        <poly id="9" name="Tri 30R" pts="0.0,1.0#1.0,1.0#1.0,0.5"/>
        <poly id="10" name="Tri 30L" pts="0.0,0.5#0.0,1.0#1.0,1.0"/>
        <poly id="11" name="Tri 30-2R" pts="0.0,0.5#0.0,1.0#1.0,1.0#1.0,0.0"/>
        <poly id="12" name="Tri 30-2L" pts="0.0,0.0#0.0,1.0#1.0,1.0#1.0,0.5"/>
        <poly id="13" name="Tri 30R Inv" pts="0.0,0.0#1.0,0.5#1.0,0.0"/>
        <poly id="14" name="Tri 30L Inv" pts="0.0,0.0#0.0,0.5#1.0,0.0"/>
        <poly id="15" name="Tri 30-2R Inv" pts="0.0,0.0#0.0,0.5#1.0,1.0#1.0,0.0"/>
        <poly id="16" name="Tri 30-2L Inv" pts="0.0,0.0#0.0,1.0#1.0,0.5#1.0,0.0"/>
        <poly id="17" name="Tri 60R" pts="0.5,1.0#1.0,1.0#1.0,0.0"/>
        <poly id="18" name="Tri 60L" pts="0.0,0.0#0.0,1.0#0.5,1.0"/>
        <poly id="19" name="Tri 60-2R" pts="0.5,0.0#0.0,1.0#1.0,1.0#1.0,0.0"/>
        <poly id="20" name="Tri 60-2L" pts="0.0,0.0#0.0,1.0#1.0,1.0#0.5,0.0"/>
        <poly id="21" name="Tri 60R Inv" pts="0.5,0.0#1.0,1.0#1.0,0.0"/>
        <poly id="22" name="Tri 60L Inv" pts="0.0,0.0#0.0,1.0#0.5,0.0"/>
        <poly id="23" name="Tri 60-2R Inv" pts="0.0,0.0#0.5,1.0#1.0,1.0#1.0,0.0"/>
        <poly id="24" name="Tri 60-2L Inv" pts="0.0,0.0#0.0,1.0#0.5,1.0#1.0,0.0"/>
    </collisions>
    <autotileFormats/>
    <atlases>
        <atlas allScenes="true" desc="" dirty="true" id="0" members="2,5,8,11,12,14,16,19,20,22,23,24,25,26,28,29,31,33,35,36,40,42,43,44,45,48,49,50,51,52,53,54,55,57,59,61,63,65,66," name="Main Atlas" pvr="false" resize="0" target="0"/>
        <atlas allScenes="true" desc="" dirty="true" id="1" members="" name="Atlas 2" pvr="false" resize="0" target="0"/>
        <atlas allScenes="true" desc="" dirty="true" id="2" members="" name="Atlas 3" pvr="false" resize="0" target="0"/>
        <atlas allScenes="true" desc="" dirty="true" id="3" members="" name="Atlas 4" pvr="false" resize="0" target="0"/>
    </atlases>
    <libraries/>
</game>
